cel.dev/expr,https://github.com/cel-expr/cel-spec/blob/v0.25.1/LICENSE,Apache-2.0
cloud.google.com/go/auth,https://github.com/googleapis/google-cloud-go/blob/auth/v0.20.0/auth/LICENSE,Apache-2.0
cloud.google.com/go/auth/oauth2adapt,https://github.com/googleapis/google-cloud-go/blob/auth/oauth2adapt/v0.2.8/auth/oauth2adapt/LICENSE,Apache-2.0
cloud.google.com/go/compute/metadata,https://github.com/googleapis/google-cloud-go/blob/compute/metadata/v0.9.0/compute/metadata/LICENSE,Apache-2.0
dario.cat/mergo,https://github.com/imdario/mergo/blob/v1.0.2/LICENSE,BSD-3-Clause
filippo.io/bigmod,https://github.com/FiloSottile/bigmod/blob/v0.1.0/LICENSE,BSD-3-Clause
filippo.io/edwards25519,https://github.com/FiloSottile/edwards25519/blob/v1.2.0/LICENSE,BSD-3-Clause
github.com/AndreasBriese/bbloom,https://github.com/AndreasBriese/bbloom/blob/46b345b51c96/LICENSE,MIT
github.com/KimMachineGun/automemlimit/memlimit,https://github.com/KimMachineGun/automemlimit/blob/v0.7.5/LICENSE,MIT
github.com/Masterminds/goutils,https://github.com/Masterminds/goutils/blob/v1.1.1/LICENSE.txt,Apache-2.0
github.com/Masterminds/semver/v3,https://github.com/Masterminds/semver/blob/v3.4.0/LICENSE.txt,MIT
github.com/Masterminds/sprig/v3,https://github.com/Masterminds/sprig/blob/v3.3.0/LICENSE.txt,MIT
github.com/antlr4-go/antlr/v4,https://github.com/antlr4-go/antlr/blob/v4.13.1/LICENSE,BSD-3-Clause
github.com/aryann/difflib,https://github.com/aryann/difflib/blob/ff5ff6dc229b/LICENSE,MIT
github.com/beorn7/perks/quantile,https://github.com/beorn7/perks/blob/v1.0.1/LICENSE,MIT
github.com/caddyserver/caddy/v2,https://github.com/caddyserver/caddy/blob/v2.11.4/LICENSE,Apache-2.0
github.com/caddyserver/certmagic,https://github.com/caddyserver/certmagic/blob/v0.25.3/LICENSE.txt,Apache-2.0
github.com/caddyserver/zerossl,https://github.com/caddyserver/zerossl/blob/v0.1.5/LICENSE,MIT
github.com/ccoveille/go-safecast/v2,https://github.com/ccoveille/go-safecast/blob/v2.0.0/LICENSE,MIT
github.com/cenkalti/backoff/v5,https://github.com/cenkalti/backoff/blob/v5.0.3/LICENSE,MIT
github.com/cespare/xxhash,https://github.com/cespare/xxhash/blob/v1.1.0/LICENSE.txt,MIT
github.com/cespare/xxhash/v2,https://github.com/cespare/xxhash/blob/v2.3.0/LICENSE.txt,MIT
github.com/chzyer/readline,https://github.com/chzyer/readline/blob/v1.5.1/LICENSE,MIT
github.com/cloudflare/circl,https://github.com/cloudflare/circl/blob/v1.6.3/LICENSE,BSD-3-Clause
github.com/coreos/go-oidc/v3/oidc,https://github.com/coreos/go-oidc/blob/v3.17.0/LICENSE,Apache-2.0
github.com/cpuguy83/go-md2man/v2/md2man,https://github.com/cpuguy83/go-md2man/blob/v2.0.7/LICENSE.md,MIT
github.com/dgraph-io/badger,https://github.com/dgraph-io/badger/blob/v1.6.2/LICENSE,Apache-2.0
github.com/dgraph-io/badger/v2,https://github.com/dgraph-io/badger/blob/v2.2007.4/LICENSE,Apache-2.0
github.com/dgraph-io/ristretto,https://github.com/dgraph-io/ristretto/blob/v0.2.0/LICENSE,Apache-2.0
github.com/dgraph-io/ristretto/z,https://github.com/dgraph-io/ristretto/blob/v0.2.0/z/LICENSE,MIT
github.com/dgryski/go-farm,https://github.com/dgryski/go-farm/blob/a6ae2369ad13/LICENSE,MIT
github.com/dustin/go-humanize,https://github.com/dustin/go-humanize/blob/v1.0.1/LICENSE,MIT
github.com/felixge/httpsnoop,https://github.com/felixge/httpsnoop/blob/v1.0.4/LICENSE.txt,MIT
github.com/go-jose/go-jose/v3,https://github.com/go-jose/go-jose/blob/v3.0.5/LICENSE,Apache-2.0
github.com/go-jose/go-jose/v3/json,https://github.com/go-jose/go-jose/blob/v3.0.5/json/LICENSE,BSD-3-Clause
github.com/go-jose/go-jose/v4,https://github.com/go-jose/go-jose/blob/v4.1.4/LICENSE,Apache-2.0
github.com/go-jose/go-jose/v4/json,https://github.com/go-jose/go-jose/blob/v4.1.4/json/LICENSE,BSD-3-Clause
github.com/go-logr/logr,https://github.com/go-logr/logr/blob/v1.4.3/LICENSE,Apache-2.0
github.com/go-logr/stdr,https://github.com/go-logr/stdr/blob/v1.2.2/LICENSE,Apache-2.0
github.com/go-sql-driver/mysql,https://github.com/go-sql-driver/mysql/blob/v1.9.3/LICENSE,MPL-2.0
github.com/golang/protobuf/proto,https://github.com/golang/protobuf/blob/v1.5.4/LICENSE,BSD-3-Clause
github.com/golang/snappy,https://github.com/golang/snappy/blob/v0.0.4/LICENSE,BSD-3-Clause
github.com/google/cel-go,https://github.com/google/cel-go/blob/v0.28.1/LICENSE,Apache-2.0
github.com/google/cel-go,https://github.com/google/cel-go/blob/v0.28.1/LICENSE,BSD-3-Clause
github.com/google/s2a-go,https://github.com/google/s2a-go/blob/v0.1.9/LICENSE.md,Apache-2.0
github.com/google/uuid,https://github.com/google/uuid/blob/v1.6.0/LICENSE,BSD-3-Clause
github.com/googleapis/enterprise-certificate-proxy/client,https://github.com/googleapis/enterprise-certificate-proxy/blob/v0.3.15/LICENSE,Apache-2.0
github.com/googleapis/gax-go/v2,https://github.com/googleapis/gax-go/blob/v2.22.0/v2/LICENSE,BSD-3-Clause
github.com/grpc-ecosystem/grpc-gateway/v2,https://github.com/grpc-ecosystem/grpc-gateway/blob/v2.28.0/LICENSE,BSD-3-Clause
github.com/huandu/xstrings,https://github.com/huandu/xstrings/blob/v1.5.0/LICENSE,MIT
github.com/jackc/pgpassfile,https://github.com/jackc/pgpassfile/blob/v1.0.0/LICENSE,MIT
github.com/jackc/pgservicefile,https://github.com/jackc/pgservicefile/blob/5a60cdf6a761/LICENSE,MIT
github.com/jackc/pgx/v5,https://github.com/jackc/pgx/blob/v5.9.2/LICENSE,MIT
github.com/jackc/puddle/v2,https://github.com/jackc/puddle/blob/v2.2.2/LICENSE,MIT
github.com/klauspost/compress,https://github.com/klauspost/compress/blob/v1.18.6/LICENSE,MIT
github.com/klauspost/compress,https://github.com/klauspost/compress/blob/v1.18.6/LICENSE,Apache-2.0
github.com/klauspost/compress,https://github.com/klauspost/compress/blob/v1.18.6/LICENSE,BSD-3-Clause
github.com/klauspost/compress/internal/snapref,https://github.com/klauspost/compress/blob/v1.18.6/internal/snapref/LICENSE,BSD-3-Clause
github.com/klauspost/compress/zstd/internal/xxhash,https://github.com/klauspost/compress/blob/v1.18.6/zstd/internal/xxhash/LICENSE.txt,MIT
github.com/klauspost/cpuid/v2,https://github.com/klauspost/cpuid/blob/v2.3.0/LICENSE,MIT
github.com/libdns/libdns,https://github.com/libdns/libdns/blob/v1.1.1/LICENSE,MIT
github.com/manifoldco/promptui,https://github.com/manifoldco/promptui/blob/v0.9.0/LICENSE.md,BSD-3-Clause
github.com/mattn/go-colorable,https://github.com/mattn/go-colorable/blob/v0.1.14/LICENSE,MIT
github.com/mattn/go-isatty,https://github.com/mattn/go-isatty/blob/v0.0.20/LICENSE,MIT
github.com/mgutz/ansi,https://github.com/mgutz/ansi/blob/d51e80ef957d/LICENSE,MIT
github.com/mholt/acmez/v3,https://github.com/mholt/acmez/blob/v3.1.6/LICENSE,Apache-2.0
github.com/miekg/dns,https://github.com/miekg/dns/blob/v1.1.72/LICENSE,BSD-3-Clause
github.com/mitchellh/copystructure,https://github.com/mitchellh/copystructure/blob/v1.2.0/LICENSE,MIT
github.com/mitchellh/go-ps,https://github.com/mitchellh/go-ps/blob/v1.0.0/LICENSE.md,MIT
github.com/mitchellh/reflectwalk,https://github.com/mitchellh/reflectwalk/blob/v1.0.2/LICENSE,MIT
github.com/munnerz/goautoneg,https://github.com/munnerz/goautoneg/blob/a7dc8b61c822/LICENSE,BSD-3-Clause
github.com/pbnjay/memory,https://github.com/pbnjay/memory/blob/7b4eea64cf58/LICENSE,BSD-3-Clause
github.com/pkg/errors,https://github.com/pkg/errors/blob/v0.9.1/LICENSE,BSD-2-Clause
github.com/prometheus/client_golang/internal/github.com/golang/gddo/httputil,https://github.com/prometheus/client_golang/blob/v1.23.2/internal/github.com/golang/gddo/LICENSE,BSD-3-Clause
github.com/prometheus/client_golang/prometheus,https://github.com/prometheus/client_golang/blob/v1.23.2/LICENSE,Apache-2.0
github.com/prometheus/client_model/go,https://github.com/prometheus/client_model/blob/v0.6.2/LICENSE,Apache-2.0
github.com/prometheus/common,https://github.com/prometheus/common/blob/v0.67.5/LICENSE,Apache-2.0
github.com/prometheus/otlptranslator,https://github.com/prometheus/otlptranslator/blob/v1.0.0/LICENSE,Apache-2.0
github.com/quic-go/qpack,https://github.com/quic-go/qpack/blob/v0.6.0/LICENSE.md,MIT
github.com/quic-go/quic-go,https://github.com/quic-go/quic-go/blob/v0.59.1/LICENSE,MIT
github.com/rs/xid,https://github.com/rs/xid/blob/v1.6.0/LICENSE,MIT
github.com/russross/blackfriday/v2,https://github.com/russross/blackfriday/blob/v2.1.0/LICENSE.txt,BSD-2-Clause
github.com/shopspring/decimal,https://github.com/shopspring/decimal/blob/v1.4.0/LICENSE,MIT
github.com/shurcooL/sanitized_anchor_name,https://github.com/shurcooL/sanitized_anchor_name/blob/v1.0.0/LICENSE,MIT
github.com/slackhq/nebula/cert,https://github.com/slackhq/nebula/blob/v1.10.3/LICENSE,MIT
github.com/smallstep/certificates,https://github.com/smallstep/certificates/blob/v0.30.2/LICENSE,Apache-2.0
github.com/smallstep/cli-utils,https://github.com/smallstep/cli-utils/blob/v0.12.2/LICENSE,Apache-2.0
github.com/smallstep/cli-utils/pkg/blackfriday,https://github.com/smallstep/cli-utils/blob/v0.12.2/pkg/blackfriday/LICENSE.txt,BSD-2-Clause
github.com/smallstep/linkedca,https://github.com/smallstep/linkedca/blob/v0.25.0/LICENSE,Apache-2.0
github.com/smallstep/nosql,https://github.com/smallstep/nosql/blob/v0.8.0/LICENSE,Apache-2.0
github.com/smallstep/pkcs7,https://github.com/smallstep/pkcs7/blob/v0.2.1/LICENSE,MIT
github.com/smallstep/scep,https://github.com/smallstep/scep/blob/a25cabb69492/LICENSE,MIT
github.com/smallstep/truststore,https://github.com/smallstep/truststore/blob/v0.13.0/LICENSE,Apache-2.0
github.com/spf13/cast,https://github.com/spf13/cast/blob/v1.7.0/LICENSE,MIT
github.com/spf13/cobra,https://github.com/spf13/cobra/blob/v1.10.2/LICENSE.txt,Apache-2.0
github.com/spf13/pflag,https://github.com/spf13/pflag/blob/v1.0.10/LICENSE,BSD-3-Clause
github.com/tailscale/tscert,https://github.com/tailscale/tscert/blob/aea342f6d747/LICENSE,BSD-3-Clause
github.com/urfave/cli,https://github.com/urfave/cli/blob/v1.22.17/LICENSE,MIT
github.com/zeebo/blake3,https://github.com/zeebo/blake3/blob/v0.2.4/LICENSE,CC0-1.0
go.etcd.io/bbolt,https://github.com/etcd-io/bbolt/blob/v1.4.3/LICENSE,MIT
go.opentelemetry.io/auto/sdk,https://github.com/open-telemetry/opentelemetry-go-instrumentation/blob/sdk/v1.2.1/sdk/LICENSE,Apache-2.0
go.opentelemetry.io/contrib/bridges/prometheus,https://github.com/open-telemetry/opentelemetry-go-contrib/blob/bridges/prometheus/v0.68.0/bridges/prometheus/LICENSE,Apache-2.0
go.opentelemetry.io/contrib/bridges/prometheus,https://github.com/open-telemetry/opentelemetry-go-contrib/blob/bridges/prometheus/v0.68.0/bridges/prometheus/LICENSE,BSD-3-Clause
go.opentelemetry.io/contrib/exporters/autoexport,https://github.com/open-telemetry/opentelemetry-go-contrib/blob/exporters/autoexport/v0.68.0/exporters/autoexport/LICENSE,Apache-2.0
go.opentelemetry.io/contrib/exporters/autoexport,https://github.com/open-telemetry/opentelemetry-go-contrib/blob/exporters/autoexport/v0.68.0/exporters/autoexport/LICENSE,BSD-3-Clause
go.opentelemetry.io/contrib/instrumentation/net/http/otelhttp,https://github.com/open-telemetry/opentelemetry-go-contrib/blob/instrumentation/net/http/otelhttp/v0.68.0/instrumentation/net/http/otelhttp/LICENSE,Apache-2.0
go.opentelemetry.io/contrib/instrumentation/net/http/otelhttp,https://github.com/open-telemetry/opentelemetry-go-contrib/blob/instrumentation/net/http/otelhttp/v0.68.0/instrumentation/net/http/otelhttp/LICENSE,BSD-3-Clause
go.opentelemetry.io/otel,https://github.com/open-telemetry/opentelemetry-go/blob/v1.43.0/LICENSE,Apache-2.0
go.opentelemetry.io/otel,https://github.com/open-telemetry/opentelemetry-go/blob/v1.43.0/LICENSE,BSD-3-Clause
go.opentelemetry.io/otel/exporters/otlp/otlplog/otlploggrpc,https://github.com/open-telemetry/opentelemetry-go/blob/exporters/otlp/otlplog/otlploggrpc/v0.19.0/exporters/otlp/otlplog/otlploggrpc/LICENSE,Apache-2.0
go.opentelemetry.io/otel/exporters/otlp/otlplog/otlploggrpc,https://github.com/open-telemetry/opentelemetry-go/blob/exporters/otlp/otlplog/otlploggrpc/v0.19.0/exporters/otlp/otlplog/otlploggrpc/LICENSE,BSD-3-Clause
go.opentelemetry.io/otel/exporters/otlp/otlplog/otlploghttp,https://github.com/open-telemetry/opentelemetry-go/blob/exporters/otlp/otlplog/otlploghttp/v0.19.0/exporters/otlp/otlplog/otlploghttp/LICENSE,Apache-2.0
go.opentelemetry.io/otel/exporters/otlp/otlplog/otlploghttp,https://github.com/open-telemetry/opentelemetry-go/blob/exporters/otlp/otlplog/otlploghttp/v0.19.0/exporters/otlp/otlplog/otlploghttp/LICENSE,BSD-3-Clause
go.opentelemetry.io/otel/exporters/otlp/otlpmetric/otlpmetricgrpc,https://github.com/open-telemetry/opentelemetry-go/blob/exporters/otlp/otlpmetric/otlpmetricgrpc/v1.43.0/exporters/otlp/otlpmetric/otlpmetricgrpc/LICENSE,Apache-2.0
go.opentelemetry.io/otel/exporters/otlp/otlpmetric/otlpmetricgrpc,https://github.com/open-telemetry/opentelemetry-go/blob/exporters/otlp/otlpmetric/otlpmetricgrpc/v1.43.0/exporters/otlp/otlpmetric/otlpmetricgrpc/LICENSE,BSD-3-Clause
go.opentelemetry.io/otel/exporters/otlp/otlpmetric/otlpmetrichttp,https://github.com/open-telemetry/opentelemetry-go/blob/exporters/otlp/otlpmetric/otlpmetrichttp/v1.43.0/exporters/otlp/otlpmetric/otlpmetrichttp/LICENSE,Apache-2.0
go.opentelemetry.io/otel/exporters/otlp/otlpmetric/otlpmetrichttp,https://github.com/open-telemetry/opentelemetry-go/blob/exporters/otlp/otlpmetric/otlpmetrichttp/v1.43.0/exporters/otlp/otlpmetric/otlpmetrichttp/LICENSE,BSD-3-Clause
go.opentelemetry.io/otel/exporters/otlp/otlptrace,https://github.com/open-telemetry/opentelemetry-go/blob/exporters/otlp/otlptrace/v1.43.0/exporters/otlp/otlptrace/LICENSE,Apache-2.0
go.opentelemetry.io/otel/exporters/otlp/otlptrace,https://github.com/open-telemetry/opentelemetry-go/blob/exporters/otlp/otlptrace/v1.43.0/exporters/otlp/otlptrace/LICENSE,BSD-3-Clause
go.opentelemetry.io/otel/exporters/otlp/otlptrace/otlptracegrpc,https://github.com/open-telemetry/opentelemetry-go/blob/exporters/otlp/otlptrace/otlptracegrpc/v1.43.0/exporters/otlp/otlptrace/otlptracegrpc/LICENSE,Apache-2.0
go.opentelemetry.io/otel/exporters/otlp/otlptrace/otlptracegrpc,https://github.com/open-telemetry/opentelemetry-go/blob/exporters/otlp/otlptrace/otlptracegrpc/v1.43.0/exporters/otlp/otlptrace/otlptracegrpc/LICENSE,BSD-3-Clause
go.opentelemetry.io/otel/exporters/otlp/otlptrace/otlptracehttp,https://github.com/open-telemetry/opentelemetry-go/blob/exporters/otlp/otlptrace/otlptracehttp/v1.43.0/exporters/otlp/otlptrace/otlptracehttp/LICENSE,Apache-2.0
go.opentelemetry.io/otel/exporters/otlp/otlptrace/otlptracehttp,https://github.com/open-telemetry/opentelemetry-go/blob/exporters/otlp/otlptrace/otlptracehttp/v1.43.0/exporters/otlp/otlptrace/otlptracehttp/LICENSE,BSD-3-Clause
go.opentelemetry.io/otel/exporters/prometheus,https://github.com/open-telemetry/opentelemetry-go/blob/exporters/prometheus/v0.65.0/exporters/prometheus/LICENSE,Apache-2.0
go.opentelemetry.io/otel/exporters/prometheus,https://github.com/open-telemetry/opentelemetry-go/blob/exporters/prometheus/v0.65.0/exporters/prometheus/LICENSE,BSD-3-Clause
go.opentelemetry.io/otel/exporters/stdout/stdoutlog,https://github.com/open-telemetry/opentelemetry-go/blob/exporters/stdout/stdoutlog/v0.19.0/exporters/stdout/stdoutlog/LICENSE,Apache-2.0
go.opentelemetry.io/otel/exporters/stdout/stdoutlog,https://github.com/open-telemetry/opentelemetry-go/blob/exporters/stdout/stdoutlog/v0.19.0/exporters/stdout/stdoutlog/LICENSE,BSD-3-Clause
go.opentelemetry.io/otel/exporters/stdout/stdoutmetric,https://github.com/open-telemetry/opentelemetry-go/blob/exporters/stdout/stdoutmetric/v1.43.0/exporters/stdout/stdoutmetric/LICENSE,Apache-2.0
go.opentelemetry.io/otel/exporters/stdout/stdoutmetric,https://github.com/open-telemetry/opentelemetry-go/blob/exporters/stdout/stdoutmetric/v1.43.0/exporters/stdout/stdoutmetric/LICENSE,BSD-3-Clause
go.opentelemetry.io/otel/exporters/stdout/stdouttrace,https://github.com/open-telemetry/opentelemetry-go/blob/exporters/stdout/stdouttrace/v1.43.0/exporters/stdout/stdouttrace/LICENSE,Apache-2.0
go.opentelemetry.io/otel/exporters/stdout/stdouttrace,https://github.com/open-telemetry/opentelemetry-go/blob/exporters/stdout/stdouttrace/v1.43.0/exporters/stdout/stdouttrace/LICENSE,BSD-3-Clause
go.opentelemetry.io/otel/log,https://github.com/open-telemetry/opentelemetry-go/blob/log/v0.19.0/log/LICENSE,Apache-2.0
go.opentelemetry.io/otel/log,https://github.com/open-telemetry/opentelemetry-go/blob/log/v0.19.0/log/LICENSE,BSD-3-Clause
go.opentelemetry.io/otel/metric,https://github.com/open-telemetry/opentelemetry-go/blob/metric/v1.43.0/metric/LICENSE,Apache-2.0
go.opentelemetry.io/otel/metric,https://github.com/open-telemetry/opentelemetry-go/blob/metric/v1.43.0/metric/LICENSE,BSD-3-Clause
go.opentelemetry.io/otel/sdk,https://github.com/open-telemetry/opentelemetry-go/blob/sdk/v1.43.0/sdk/LICENSE,Apache-2.0
go.opentelemetry.io/otel/sdk,https://github.com/open-telemetry/opentelemetry-go/blob/sdk/v1.43.0/sdk/LICENSE,BSD-3-Clause
go.opentelemetry.io/otel/sdk/log,https://github.com/open-telemetry/opentelemetry-go/blob/sdk/log/v0.19.0/sdk/log/LICENSE,Apache-2.0
go.opentelemetry.io/otel/sdk/log,https://github.com/open-telemetry/opentelemetry-go/blob/sdk/log/v0.19.0/sdk/log/LICENSE,BSD-3-Clause
go.opentelemetry.io/otel/sdk/metric,https://github.com/open-telemetry/opentelemetry-go/blob/sdk/metric/v1.43.0/sdk/metric/LICENSE,Apache-2.0
go.opentelemetry.io/otel/sdk/metric,https://github.com/open-telemetry/opentelemetry-go/blob/sdk/metric/v1.43.0/sdk/metric/LICENSE,BSD-3-Clause
go.opentelemetry.io/otel/trace,https://github.com/open-telemetry/opentelemetry-go/blob/trace/v1.43.0/trace/LICENSE,Apache-2.0
go.opentelemetry.io/otel/trace,https://github.com/open-telemetry/opentelemetry-go/blob/trace/v1.43.0/trace/LICENSE,BSD-3-Clause
go.opentelemetry.io/proto/otlp,https://github.com/open-telemetry/opentelemetry-proto-go/blob/otlp/v1.10.0/otlp/LICENSE,Apache-2.0
go.step.sm/crypto,https://github.com/smallstep/crypto/blob/v0.81.0/LICENSE,Apache-2.0
go.step.sm/crypto/internal/bcrypt_pbkdf,https://github.com/smallstep/crypto/blob/v0.81.0/internal/bcrypt_pbkdf/LICENSE,BSD-2-Clause
go.step.sm/crypto/internal/utils/utfbom,https://github.com/smallstep/crypto/blob/v0.81.0/internal/utils/utfbom/LICENSE,Apache-2.0
go.uber.org/automaxprocs,https://github.com/uber-go/automaxprocs/blob/v1.6.0/LICENSE,MIT
go.uber.org/multierr,https://github.com/uber-go/multierr/blob/v1.11.0/LICENSE.txt,MIT
go.uber.org/zap,https://github.com/uber-go/zap/blob/v1.28.0/LICENSE,MIT
go.uber.org/zap/exp/zapslog,https://github.com/uber-go/zap/blob/exp/v0.3.0/exp/LICENSE,MIT
go.yaml.in/yaml/v2,https://github.com/yaml/go-yaml/blob/v2.4.4/LICENSE,Apache-2.0
go.yaml.in/yaml/v3,https://github.com/yaml/go-yaml/blob/v3.0.4/LICENSE,MIT
golang.org/x/crypto,https://cs.opensource.google/go/x/crypto/+/v0.52.0:LICENSE,BSD-3-Clause
golang.org/x/crypto/x509roots/fallback,https://cs.opensource.google/go/x/crypto/+/a408498e:x509roots/fallback/LICENSE,BSD-3-Clause
golang.org/x/exp/slices,https://cs.opensource.google/go/x/exp/+/a4bb9ffd:LICENSE,BSD-3-Clause
golang.org/x/net,https://cs.opensource.google/go/x/net/+/v0.55.0:LICENSE,BSD-3-Clause
golang.org/x/oauth2,https://cs.opensource.google/go/x/oauth2/+/v0.36.0:LICENSE,BSD-3-Clause
golang.org/x/sync/semaphore,https://cs.opensource.google/go/x/sync/+/v0.20.0:LICENSE,BSD-3-Clause
golang.org/x/sys,https://cs.opensource.google/go/x/sys/+/v0.45.0:LICENSE,BSD-3-Clause
golang.org/x/term,https://cs.opensource.google/go/x/term/+/v0.43.0:LICENSE,BSD-3-Clause
golang.org/x/text,https://cs.opensource.google/go/x/text/+/v0.37.0:LICENSE,BSD-3-Clause
golang.org/x/time/rate,https://cs.opensource.google/go/x/time/+/v0.15.0:LICENSE,BSD-3-Clause
google.golang.org/api,https://github.com/googleapis/google-api-go-client/blob/v0.277.0/LICENSE,BSD-3-Clause
google.golang.org/api/internal/third_party/uritemplates,https://github.com/googleapis/google-api-go-client/blob/v0.277.0/internal/third_party/uritemplates/LICENSE,BSD-3-Clause
google.golang.org/genproto/googleapis/api,https://github.com/googleapis/go-genproto/blob/6f92a3bedf2d/googleapis/api/LICENSE,Apache-2.0
google.golang.org/genproto/googleapis/rpc,https://github.com/googleapis/go-genproto/blob/7cedc36a6bc4/googleapis/rpc/LICENSE,Apache-2.0
google.golang.org/grpc,https://github.com/grpc/grpc-go/blob/v1.81.0/LICENSE,Apache-2.0
google.golang.org/protobuf,https://github.com/protocolbuffers/protobuf-go/blob/v1.36.11/LICENSE,BSD-3-Clause
howett.net/plist,https://github.com/DHowett/go-plist.git/blob/v1.0.0/LICENSE,BSD-2-Clause
howett.net/plist,https://github.com/DHowett/go-plist.git/blob/v1.0.0/LICENSE,BSD-3-Clause
